rank,name,location,status,failed_filter,f1_no_min_no_setup_no_contract,f2_courier_intl_inbound,f3_woocommerce,f4_apparel,f5_foreign_owned_llc,woocommerce_method,canada_shipping,receiving_fee,storage_fee,pick_pack_fee,packaging_fee,returns_fee,long_term_storage,account_min_setup_fees,exit_terms,reviews_merchant,bbb,reddit,red_flags,source_urls,data_method,date_checked,notes
1,Fulfyld,"Madison, AL",PASS (verify),,"PASS: no setup, no platform fee, no long-term contract, no offboarding fee; no hard order minimum (intake smallest band 1-300/mo; reviewers cite ~100/mo practical floor)",LIKELY: runs 'international fulfillment' with customs documentation; parcel receiving billed hourly [VERIFY Aramex parcels],PASS: automated WooCommerce integration (team-assisted),PASS: publishes apparel cost benchmarks,not stated [ASK],Direct integration (assisted setup),yes (international shipping offered),"first 2 hrs free at onboarding, then $40/man-hour","0-250 orders tier: small bin $2.50, regular bin $4.00, XL bin $6.00, pallet $32.00 /month","all-in per-order rate incl. postage+pick/pack+packaging: avg $7.51 (4-12 oz, standard); 5 picks free, +$0.50/item after 5",standard packaging included,$3.50 first item + $0.50 each additional (3plinsider),not published,"$0 setup, $0 platform fee",no offboarding fee stated; release timeline not published [ASK],"Shopify app 3.5/5 (4) reported in index, listing now shows 0 reviews; Clutch 5.0 (1); G2/Capterra none found",not accredited; 0 complaints closed in last 3 yrs; 0 reviews,blocked (reddit.com denied by egress policy; RSS route impossible),Thin independent review base; heavy self-published competitor-comparison SEO content; Clutch reviewer mentions early system errors (date not visible),https://www.fulfyld.com/3pl-fulfillment-pricing/ | https://www.fulfyld.com/knowledge/does-fulfyld-have-minimum-contract-length/ | https://www.fulfyld.com/knowledge/fulfyld-minimum-monthly-order-volume/ | https://www.fulfyld.com/services/international-fulfillment-services/ | https://3plinsider.com/reviews/fulfyld | https://www.bbb.org/us/al/madison/profile/fulfillment-services/fulfyld-0513-900281814 | https://clutch.co/profile/fulfyld | https://apps.shopify.com/fulfyld-3pl-fulfillment,WebSearch index snippet of source URL (direct WebFetch+curl blocked by sandbox egress policy) - re-verify on live page,2026-10-07,Cleanest no-fixed-fee structure found; bins suit folded apparel.
2,eFulfillment Service (EFS),"Traverse City, MI",CONDITIONAL (recurring account fee?),F1 possibly: weekly account/support fee,"PARTIAL: no setup, no order minimum, no minimum billing, month-to-month, 30-day refundable Test Drive; BUT a fixed 'comprehensive support fee' exists (EFS site) - ~$23.50/week per 3plinsider [VERIFY amount]","PASS: ~half of clients international; acts as consignee; NOT importer of record, no POA; refers customs brokers",PASS: native WooCommerce order intake,"PASS: apparel landing page, free packaging for apparel",PASS: US citizenship not required; foreign-based sellers accepted,Native integration,yes (USPS/FedEx/DHL international),$11.50 per half-hour (3plinsider),$0.45 per bin (1 cu ft per SKU) + $0.25/cu ft/week overflow (3plinsider; period ambiguous [VERIFY]); billed on end-of-week counts,$2.65 first unit + $0.65 each additional (3plinsider),standard boxes/dunnage included in pick fee,not published,none: same storage rate regardless of age (EFS site),"setup $0; support/account fee ~$23.50/week (~$102/mo) [VERIFY]; card payment +3.5%, PayPal +4.5%",month-to-month; removal fees may apply (hourly/per item) - not published,Shopify app 2.9/5 (3); G2 2.3/5 (4),"A+, accredited since 2002-10-15; 1 complaint in 3 yrs (2024-09-29, end-customer refund - ignore)",blocked (reddit.com denied by egress policy; RSS route impossible),Shopify reviews: invoice 4x expected with system double-charging shipments; inventory numbers disputed/merchant could not edit (review dates not visible - page blocked),https://www.efulfillmentservice.com/faq/importing-taxes/ | https://www.efulfillmentservice.com/international-fulfillment/ | https://www.efulfillmentservice.com/2025/06/understanding-3pl-costs-and-fee-structures-a-guide-for-new-e%E2%80%91commerce-sellers/ | https://www.efulfillmentservice.com/faq/payment/ | https://www.efulfillmentservice.com/apparel-fulfillment-services/ | https://3plinsider.com/reviews/efulfillment-service | https://apps.shopify.com/efulfillment-service-order-fulfillment-for-ecommerce/reviews | https://www.g2.com/products/efulfillment-service/reviews | https://www.bbb.org/us/mi/traverse-city/profile/fulfillment-services/efulfillment-service-inc-0372-17004552,WebSearch index snippet of source URL (direct WebFetch+curl blocked by sandbox egress policy) - re-verify on live page,2026-10-07,Best documented foreign-seller process; drop it if the weekly fee is confirmed and you treat it as a monthly fee.
3,ShipBob (Growth Plan),"Chicago, IL (network)",PASS with limits,,"PASS (Growth Plan): no order minimum, no onboarding fee; eligibility <400 shipments/mo, <=50 SKUs, <23 kg; cancellation terms [VERIFY]",PASS: parcel WROs accepted; international merchants served; DDP outbound,PASS: official WooCommerce integration,PASS,PASS (international merchants) [confirm],Official ShipBob WooCommerce app,yes (international + Canada FC),"$40 first 2 hours, then $45/hour","bin $5.00, shelf $10.00, pallet $40.00 /month (pro-rated daily); +3% if paid by card","bundled in per-order fulfillment fee - quote/calculator, not published as a flat number",standard included,not published,not published,$0 on Growth Plan,storage stops the day a location is emptied; removal timeline not published,Shopify 4.3/5 (286); G2 3.7/5 (122); Capterra 3.6/5 (107),multiple complaints on file (counts not visible),blocked (reddit.com denied by egress policy; RSS route impossible),BBB: inventory lost/stolen while still billed; stock received in March not counted for months; 264 returned units disposed without permission; 8 weeks to ship inventory out for a leaving client; mis-picks (dates not visible),https://uk.shipbob.com/growth-plan/ | https://support.shipbob.com/s/article/US-Fulfillment-Center-Additional-Services-Pricing | https://www.shipbob.com/pricing/ | https://uk.shipbob.com/partners/woocommerce/ | https://apps.shopify.com/shipbob/reviews | https://www.g2.com/products/shipbob/reviews | https://www.capterra.com/p/166529/ShipBob/reviews/ | https://www.bbb.org/us/il/chicago/profile/logistics/shipbob-0654-90005479/complaints,WebSearch index snippet of source URL (direct WebFetch+curl blocked by sandbox egress policy) - re-verify on live page,2026-10-07,50-SKU cap counts each size/colour; outfits x sizes can hit it fast.
4,Amazon Multi-Channel Fulfillment (MCF),Amazon US network,PASS with caveats,,"PASS: no minimum, no setup; MCF open to businesses not selling on Amazon (Professional plan $39.99/mo only if you also list on Amazon)","PARTIAL: small-parcel inbound accepted, but Amazon will NOT act as importer of record - shipment must arrive cleared (DDP) [VERIFY current inbound rules]",PASS: official 'Amazon Fulfillment (MCF) for WooCommerce' extension,PASS,PASS,Official WooCommerce extension (also M2E MCF),no (US MCF ships to US addresses) [VERIFY],no receiving fee; inbound placement fees may apply [VERIFY],$0.78/cu ft Jan-Sep; $2.40/cu ft Oct-Dec (rates eff. 2026-06-01),"small standard 12-16 oz, standard speed: 1 unit $8.66, 2-unit order $5.90/unit, 3-unit $4.38/unit; +3.5% fuel/logistics surcharge; peak surcharge 2026-10-15 to 2027-01-14",unbranded packaging by default,not published,aged-inventory surcharges apply [VERIFY],$0,removal orders (per-unit fee) [VERIFY],"Official MCF Shopify app 3.3/5 (56); connector apps ByteStand 4.9/5 (365), WebBee 4.8/5 (351)",n/a,blocked (reddit.com denied by egress policy; RSS route impossible),"App reviews: Amazon doesn't prioritise MCF customers, support gaps (dates not visible)",https://supplychain.amazon.com/mcf/pricing | https://supplychain.amazon.com/docs/rate-card | https://sell.amazon.com/fulfillment-by-amazon/fba-multichannel | https://woocommerce.com/products/woocommerce-amazon-fulfillment/ | https://apps.shopify.com/amazon-mcf/reviews | https://apps.shopify.com/fba-shipping/reviews,WebSearch index snippet of source URL (direct WebFetch+curl blocked by sandbox egress policy) - re-verify on live page,2026-10-07,"Cheapest storage, but per-order fee includes shipping; Q4 storage triples."
5,Frankly Fulfillment,Ohio,PASS (unverified - third-party data only),,"PASS per ecomcircles: no setup, no monthly minimum, no software fee; 30-day risk-free trial [VERIFY on own site]",unknown [ASK],PASS (per ecomcircles),unknown [ASK],unknown [ASK],Integration listed (type unknown),unknown,not published,not published,e-commerce orders from $2.50,not published,not published,not published,$0 setup/min/software (third-party),not published,none found,no matching profile found,blocked (reddit.com denied by egress policy; RSS route impossible),no independent reputation data at all,https://ecomcircles.com/prep-centers/frankly-fulfillment/ | https://www.fulfill.com/3pl-directory-reviews/frankly-fulfillment-llc,Third-party review site via WebSearch (provider page blocked/not indexed) - VERIFY with provider,2026-10-07,Mainly an FBA prep centre; confirm DTC apparel experience.
6,Momentum Warehousing,"Chula Vista, CA",PASS (cost risk),,"PASS: no contracts, subscriptions, minimums, startup or software fees",PASS: cartons from UPS/FedEx/USPS/DHL 'or others' at $3/carton; customs via partner Aztec Fleet,PASS: daily WooCommerce order fulfillment,not stated [ASK],not stated [ASK],OMS/IMS integration,unknown,"$3/carton, $15/pallet, 20ft container from $299","$1/pallet/day first 90 days, then $49/pallet/month (pallet-based; no bin rate found)",pick $0.50/item + pack $0.50/order quoted for Enterprise tier [VERIFY entry tier],not published,not published,pallet price rises after 90 days,$0,not published,"Yelp listing, little engagement; none on G2/Capterra",no profile found,blocked (reddit.com denied by egress policy; RSS route impossible),pallet-only storage expensive for a few cartons of apparel,https://momentumwarehousing.com/pricing/ | https://momentumwarehousing.com/order-fulfillment/ecommerce-fulfillment/ | https://www.yelp.com/biz/momentum-warehousing-chula-vista,WebSearch index snippet of source URL (direct WebFetch+curl blocked by sandbox egress policy) - re-verify on live page,2026-10-07,
7,Hexprep,"Hillsboro, OR / Chicago, IL",UNVERIFIED (WooCommerce?),,"PASS per third parties: no monthly minimums, no contracts",receives/forwards cartons [VERIFY],"not confirmed (Shopify, TikTok Shop named)",unknown,unknown,unknown,unknown,not published,"free 14 days, then $0.01/unit/day",two-step dropship $3.00/package (down to $2.50),,,,none stated,,none found,,blocked (reddit.com denied by egress policy; RSS route impossible),,https://ecomcircles.com/prep-centers/hexprep/ | https://www.fulfill.com/3pl/profile/hexprep,Third-party review site via WebSearch (provider page blocked/not indexed) - VERIFY with provider,2026-10-07,
8,Easyship US Fulfillment (ModusLink partner),US (partner warehouses),UNVERIFIED (fees not published),,'no minimum spend' advertised; contract terms not published,,PASS: Easyship WooCommerce plugin,,,Official plugin,yes (cross-border shipping platform),not published,not published,not published,,,,,,,,blocked (reddit.com denied by egress policy; RSS route impossible),,https://www.easyship.com/offers/us-fulfillment-services | https://www.easyship.com/integrations/woocommerce-shipping,WebSearch index snippet of source URL (direct WebFetch+curl blocked by sandbox egress policy) - re-verify on live page,2026-10-07,
9,eShipper (fulfillment),"Toronto, CA + US",UNVERIFIED (fees not published),,no account/monthly fees and no minimum volume for platform; warehousing terms quote-only,,PASS: WooCommerce store connection,,,Platform integration,yes (Canadian company),not published,not published,not published,,,,,,,,blocked (reddit.com denied by egress policy; RSS route impossible),,https://www.eshipper.com/how-it-works/ | https://www.eshipper.com/integration/,WebSearch index snippet of source URL (direct WebFetch+curl blocked by sandbox egress policy) - re-verify on live page,2026-10-07,
10,Fulfillment Hub USA,NJ (port-adjacent),UNVERIFIED,,custom quotes; 'may have minimum thresholds for storage',"serves global sellers, imports [VERIFY]",,,,,,,per cubic foot (rate not published),not published,,,,,,,,blocked (reddit.com denied by egress policy; RSS route impossible),,https://fulfillmenthubusa.com/everything-you-need-to-know-about-fulfillment-hub-usas-pricing/,WebSearch index snippet of source URL (direct WebFetch+curl blocked by sandbox egress policy) - re-verify on live page,2026-10-07,
11,PostFromUS,US,UNVERIFIED,,no big contracts or minimums; for 30-800 US orders/mo,built for international sellers,unknown,,,,,,,not published,,,,,,,,blocked (reddit.com denied by egress policy; RSS route impossible),,https://postfromus.aliansoftware.net/?p=12193,WebSearch index snippet of source URL (direct WebFetch+curl blocked by sandbox egress policy) - re-verify on live page,2026-10-07,
12,Selery Fulfillment,US,UNVERIFIED (minimum undisclosed),,"no long-term contract, cancel anytime; minimum orders not disclosed",,,,,,,quoted separately,"$2/bin, $25/pallet /month","$1.90+/order under 5,000/mo; +$0.25/extra item",,,,,,,,blocked (reddit.com denied by egress policy; RSS route impossible),,https://3plinsider.com/reviews/selery-fulfillment,Third-party review site via WebSearch (provider page blocked/not indexed) - VERIFY with provider,2026-10-07,
13,Atomix Logistics,Milwaukee / Salt Lake City / Baltimore,UNVERIFIED,,no order-volume minimums (3plinsider); fees/setup not checked,,,,,,,,,,,,,,,,,blocked (reddit.com denied by egress policy; RSS route impossible),,https://3plinsider.com/reviews/atomix-logistics,Third-party review site via WebSearch (provider page blocked/not indexed) - VERIFY with provider,2026-10-07,
14,Fulfillrite,NJ,FAIL,F1,FAIL: $399/month pick-and-pack minimum (~140 orders) + $59.99/month account fee,,,,,,,,,,,,,$399/month pick-and-pack minimum (~140 orders) + $59.99/month account fee,,,,not checked (failed hard filter),,https://www.fulfillrite.com/faqs/ | https://www.fulfillrite.com/blog/ecommerce-fulfillment-pricing-how-to-estimate-cost/,WebSearch index snippet of source URL (direct WebFetch+curl blocked by sandbox egress policy) - re-verify on live page,2026-10-07,
15,Simpl Fulfillment,"Austin, TX",FAIL,F1,FAIL: $750/month account minimum (pay-the-difference); from $7/order,,,,,,,,,,,,,$750/month account minimum (pay-the-difference); from $7/order,,,,not checked (failed hard filter),,https://www.simplfulfillment.com/services/ecommerce-fulfillment,WebSearch index snippet of source URL (direct WebFetch+curl blocked by sandbox egress policy) - re-verify on live page,2026-10-07,
16,Shipfusion,Canada/US,FAIL,F1,"FAIL: 2,000+ orders/month minimum; account/setup fee $250-$1,000+ (per Shipfusion's own comparison)",,,,,,,,,,,,,"2,000+ orders/month minimum; account/setup fee $250-$1,000+ (per Shipfusion's own comparison)",,,,not checked (failed hard filter),,https://www.shipfusion.com/red-stag-vs-shipfusion | https://go.shipfusion.com/3pl-pricing,WebSearch index snippet of source URL (direct WebFetch+curl blocked by sandbox egress policy) - re-verify on live page,2026-10-07,
17,ShipMonk,"Fort Lauderdale, FL",FAIL,F1,FAIL: Monthly minimum pick fee $250/mo (or equal to storage fee),,,,,,,,,,,,,Monthly minimum pick fee $250/mo (or equal to storage fee),,,,not checked (failed hard filter),,https://support.shipmonk.com/support/solutions/articles/9000099341-billing-faq | https://www.shipmonk.com/pricing,WebSearch index snippet of source URL (direct WebFetch+curl blocked by sandbox egress policy) - re-verify on live page,2026-10-07,
18,ShipCalm,LA / Indianapolis,FAIL,F1,"FAIL: Quarterly spending minimum $3,000 (~$1,000/mo); 90-day notice",,,,,,,,,,,,,"Quarterly spending minimum $3,000 (~$1,000/mo); 90-day notice",,,,not checked (failed hard filter),,https://www.shipcalm.com/blog/shipbob-vs-shipmonk/,WebSearch index snippet of source URL (direct WebFetch+curl blocked by sandbox egress policy) - re-verify on live page,2026-10-07,
19,Printful Warehousing & Fulfillment,US/EU,FAIL,F1,FAIL: Minimum monthly storage fee USD 150 when storing non-Printful (own) products; US storage $0.70/cu ft,,,,,,,,,,,,,Minimum monthly storage fee USD 150 when storing non-Printful (own) products; US storage $0.70/cu ft,,,,not checked (failed hard filter),,https://help.printful.com/hc/en-us/articles/360014067379-How-do-the-Warehousing-Fulfillment-fees-work | https://www.printful.com/faq/warehousing-fulfillment/243-how-does-printful-calculate-storage-fees-,WebSearch index snippet of source URL (direct WebFetch+curl blocked by sandbox egress policy) - re-verify on live page,2026-10-07,
20,Red Stag Fulfillment,"Knoxville, TN / Salt Lake City",FAIL,F1,FAIL: Works with 200+ orders/month (stated guideline),,,,,,,,,,,,,Works with 200+ orders/month (stated guideline),,,,not checked (failed hard filter),,https://redstagfulfillment.com/best-3pl-for-small-business/,WebSearch index snippet of source URL (direct WebFetch+curl blocked by sandbox egress policy) - re-verify on live page,2026-10-07,
21,ShipNetwork,multiple US,FAIL,F1 (likely),"FAIL: Custom pricing only; comparison chart cites 5,000+ orders/month standard minimum",,,,,,,,,,,,,"Custom pricing only; comparison chart cites 5,000+ orders/month standard minimum",,,,not checked (failed hard filter),,https://www.shipnetwork.com/pricing | https://www.shipnetwork.com/ecommerce-fulfillment-101/best-ecommerce-fulfillment-service,WebSearch index snippet of source URL (direct WebFetch+curl blocked by sandbox egress policy) - re-verify on live page,2026-10-07,
22,ShipGenie,US,FAIL,F1,"FAIL: One-time inventory & account setup fee $200 (pick/pack $1.40-$2.00, bin $2.25/mo)",,,,,,,,,,,,,"One-time inventory & account setup fee $200 (pick/pack $1.40-$2.00, bin $2.25/mo)",,,,not checked (failed hard filter),,https://ship-genie.com/pricing/,WebSearch index snippet of source URL (direct WebFetch+curl blocked by sandbox egress policy) - re-verify on live page,2026-10-07,
23,OTW Shipping,US,FAIL,F1,FAIL: 'Low monthly minimums' / pick&pack minimum case-by-case (pick $2.98 first + $0.64; box receiving $2.20),,,,,,,,,,,,,'Low monthly minimums' / pick&pack minimum case-by-case (pick $2.98 first + $0.64; box receiving $2.20),,,,not checked (failed hard filter),,https://www.otwshipping.com/startup-fulfillment-services-pricing,WebSearch index snippet of source URL (direct WebFetch+curl blocked by sandbox egress policy) - re-verify on live page,2026-10-07,
24,Saltbox,multiple US,FAIL,F1,FAIL: Membership $199/mo (Starter) or $349/mo required; pick from $3,,,,,,,,,,,,,Membership $199/mo (Starter) or $349/mo required; pick from $3,,,,not checked (failed hard filter),,https://www.saltbox.com/pricing,WebSearch index snippet of source URL (direct WebFetch+curl blocked by sandbox egress policy) - re-verify on live page,2026-10-07,
25,Amplifier,US,FAIL,F1+F3,FAIL: Stocked-goods fulfillment needs Standard plan $100/mo; WooCommerce not native,,,,,,,,,,,,,Stocked-goods fulfillment needs Standard plan $100/mo; WooCommerce not native,,,,not checked (failed hard filter),,https://apps.shopify.com/amplifier,WebSearch index snippet of source URL (direct WebFetch+curl blocked by sandbox egress policy) - re-verify on live page,2026-10-07,
26,ShipBots,US,FAIL,F1,FAIL: Flat monthly maintenance fee (amount not published); from $6.29/order,,,,,,,,,,,,,Flat monthly maintenance fee (amount not published); from $6.29/order,,,,not checked (failed hard filter),,https://www.shipbots.com/fulfillment-center-pricing | https://www.shipbots.com/faqs,WebSearch index snippet of source URL (direct WebFetch+curl blocked by sandbox egress policy) - re-verify on live page,2026-10-07,
27,ShipHype,NJ,FAIL,F1,FAIL: $999/mo account-management fee under 500 orders/mo (reported),,,,,,,,,,,,,$999/mo account-management fee under 500 orders/mo (reported),,,,not checked (failed hard filter),,https://www.ecommerceceo.com/reviews/shiphype/,WebSearch index snippet of source URL (direct WebFetch+curl blocked by sandbox egress policy) - re-verify on live page,2026-10-07,
28,Falcon Fulfillment,US,FAIL,F1,"FAIL: $1,500 setup fee; 4,000 orders/month minimum (reported)",,,,,,,,,,,,,"$1,500 setup fee; 4,000 orders/month minimum (reported)",,,,not checked (failed hard filter),,https://www.ecommerceceo.com/reviews/falcon-fulfillment/,WebSearch index snippet of source URL (direct WebFetch+curl blocked by sandbox egress policy) - re-verify on live page,2026-10-07,
29,ShipHero (fulfillment network),US,FAIL,F1,FAIL: 500 orders/month minimum (reported),,,,,,,,,,,,,500 orders/month minimum (reported),,,,not checked (failed hard filter),,https://warehousingcosts.com/3pl/compare,WebSearch index snippet of source URL (direct WebFetch+curl blocked by sandbox egress policy) - re-verify on live page,2026-10-07,
30,Flexport (ex-Deliverr),US,FAIL,F1,"FAIL: $5,000 monthly fulfillment minimum (reported Jan 2026)",,,,,,,,,,,,,"$5,000 monthly fulfillment minimum (reported Jan 2026)",,,,not checked (failed hard filter),,https://www.efulfillmentservice.com/2025/08/flexport-alternatives-navigating-flexports-new-5000-monthly-fulfillment-fee/,WebSearch index snippet of source URL (direct WebFetch+curl blocked by sandbox egress policy) - re-verify on live page,2026-10-07,
31,Stord,US,FAIL,F1,"FAIL: Targets ~3,000+ orders/month",,,,,,,,,,,,,"Targets ~3,000+ orders/month",,,,not checked (failed hard filter),,https://warehousingcosts.com/3pl/compare,WebSearch index snippet of source URL (direct WebFetch+curl blocked by sandbox egress policy) - re-verify on live page,2026-10-07,
32,Ware2Go,US,FAIL,F1,FAIL: Acquired by Stord in 2025 (same volume profile),,,,,,,,,,,,,Acquired by Stord in 2025 (same volume profile),,,,not checked (failed hard filter),,https://warehousingcosts.com/3pl/compare,WebSearch index snippet of source URL (direct WebFetch+curl blocked by sandbox egress policy) - re-verify on live page,2026-10-07,
33,Walmart Fulfillment Services,US,FAIL,F3,Tied to Walmart Marketplace seller account; not a WooCommerce 3PL [VERIFY multichannel],,,,,,,,,,,,,Tied to Walmart Marketplace seller account; not a WooCommerce 3PL [VERIFY multichannel],,,,not checked (failed hard filter),,https://www.freightwaves.com/checkpoint/best-fulfillment-services-startups-small-businesses/,WebSearch index snippet of source URL (direct WebFetch+curl blocked by sandbox egress policy) - re-verify on live page,2026-10-07,
34,Ryder E-commerce by Whiplash,US,FAIL,F1,FAIL: Custom pricing; minimum monthly charge $250 (reported),,,,,,,,,,,,,Custom pricing; minimum monthly charge $250 (reported),,,,not checked (failed hard filter),,https://www.ecommerceceo.com/reviews/whiplash-fulfillment/,WebSearch index snippet of source URL (direct WebFetch+curl blocked by sandbox egress policy) - re-verify on live page,2026-10-07,
35,Fulfillment.com,US,FAIL,F1,"FAIL: 1,500 orders/month minimum (reported)",,,,,,,,,,,,,"1,500 orders/month minimum (reported)",,,,not checked (failed hard filter),,https://crowdcrux.com/top-order-fulfillment-services-for-small-business,WebSearch index snippet of source URL (direct WebFetch+curl blocked by sandbox egress policy) - re-verify on live page,2026-10-07,
36,The Fulfillment Lab,"Tampa, FL",UNVERIFIED (not published),,No published pricing or minimums; custom quote only,,,,,,,not published,not published,not published,,,,,,,,blocked (reddit.com denied by egress policy; RSS route impossible),,https://3plinsider.com/reviews/the-fulfillment-lab,WebSearch index snippet of source URL (direct WebFetch+curl blocked by sandbox egress policy) - re-verify on live page,2026-10-07,
37,ShipDaddy,US,UNVERIFIED (not published),,Pricing/minimums not found in index,,,,,,,not published,not published,not published,,,,,,,,blocked (reddit.com denied by egress policy; RSS route impossible),,https://www.fulfyld.com/reviews/vs/falcon-fulfillment/ship-daddy/,WebSearch index snippet of source URL (direct WebFetch+curl blocked by sandbox egress policy) - re-verify on live page,2026-10-07,
38,Rush Order Inc,"Gilroy, CA",UNVERIFIED (not published),,Pricing/minimums not found,,,,,,,not published,not published,not published,,,,,,,,blocked (reddit.com denied by egress policy; RSS route impossible),,https://www.fulfill.com/3pl-directory-reviews/rush-order,WebSearch index snippet of source URL (direct WebFetch+curl blocked by sandbox egress policy) - re-verify on live page,2026-10-07,
39,Ruby Has Fulfillment,US/CA (ShipStation partner),UNVERIFIED (not published),,Pricing/minimums not found,,,,,,,not published,not published,not published,,,,,,,,blocked (reddit.com denied by egress policy; RSS route impossible),,https://www.shipstation.com/partners/ruby-has-fulfillment.md,WebSearch index snippet of source URL (direct WebFetch+curl blocked by sandbox egress policy) - re-verify on live page,2026-10-07,
40,Phase V,US,UNVERIFIED (not published),,No order minimums but supplement/FDA specialist - apparel fit doubtful; not checked further,,,,,,,not published,not published,not published,,,,,,,,blocked (reddit.com denied by egress policy; RSS route impossible),,https://3plinsider.com/companies,WebSearch index snippet of source URL (direct WebFetch+curl blocked by sandbox egress policy) - re-verify on live page,2026-10-07,
41,Kiddly Marketing & Fulfillment,US (ShipStation partner),UNVERIFIED (not published),,Name only - not checked,,,,,,,not published,not published,not published,,,,,,,,blocked (reddit.com denied by egress policy; RSS route impossible),,https://www.logisticsmgmt.com/article/shipstation_fulfillment_program_provides_parcel_shippers_with_vetted_option,WebSearch index snippet of source URL (direct WebFetch+curl blocked by sandbox egress policy) - re-verify on live page,2026-10-07,
42,Ship-Right Solutions,US (ShipStation partner),UNVERIFIED (not published),,Name only - not checked,,,,,,,not published,not published,not published,,,,,,,,blocked (reddit.com denied by egress policy; RSS route impossible),,https://www.logisticsmgmt.com/article/shipstation_fulfillment_program_provides_parcel_shippers_with_vetted_option,WebSearch index snippet of source URL (direct WebFetch+curl blocked by sandbox egress policy) - re-verify on live page,2026-10-07,
43,IFS 360,US (ShipStation partner),UNVERIFIED (not published),,Name only - not checked,,,,,,,not published,not published,not published,,,,,,,,blocked (reddit.com denied by egress policy; RSS route impossible),,https://www.logisticsmgmt.com/article/shipstation_fulfillment_program_provides_parcel_shippers_with_vetted_option,WebSearch index snippet of source URL (direct WebFetch+curl blocked by sandbox egress policy) - re-verify on live page,2026-10-07,
44,Direct Shot Distributing,US (ShipStation partner),UNVERIFIED (not published),,Name only - not checked,,,,,,,not published,not published,not published,,,,,,,,blocked (reddit.com denied by egress policy; RSS route impossible),,https://www.logisticsmgmt.com/article/shipstation_fulfillment_program_provides_parcel_shippers_with_vetted_option,WebSearch index snippet of source URL (direct WebFetch+curl blocked by sandbox egress policy) - re-verify on live page,2026-10-07,
45,Ingram Micro Commerce & Fulfillment,US (ShipStation partner),UNVERIFIED (not published),,Enterprise; not checked,,,,,,,not published,not published,not published,,,,,,,,blocked (reddit.com denied by egress policy; RSS route impossible),,https://www.logisticsmgmt.com/article/shipstation_fulfillment_program_provides_parcel_shippers_with_vetted_option,WebSearch index snippet of source URL (direct WebFetch+curl blocked by sandbox egress policy) - re-verify on live page,2026-10-07,
